{
  "contacts": [
    {
      "id": "2",
      "name": "Jane Smith",
      "email": "janesmith@gmail.com"
    },
    {
      "id": "3",
      "name": "Michael Johnson",
      "email": "michaeljohnson@gmail.com"
    },
    {
      "id": "4",
      "name": "Emily Davis",
      "email": "emilydavis@gmail.com"
    },
    {
      "id": "5",
      "name": "David Brown",
      "email": "davidbrown@gmail.com"
    },
    {
      "id": "[object Object]1",
      "name": "bhi",
      "email": "bhi@gmail.co"
    },
    {
      "id": "[object Object]1",
      "name": "fiubf",
      "email": "davidbrown@gmail.com"
    }
  ]
}